Drama,3586
Crime,3587
 Drama,3587
Action,3588
 Crime,3588
 Drama,3588
Crime,3589
 Drama,3589
Crime,3590
 Drama,3590
Action,3591
 Adventure,3591
 Drama,3591
Crime,3592
 Drama,3592
Biography,3593
 Drama,3593
 History,3593
Action,3594
 Adventure,3594
 Sci-Fi,3594
Drama,3595
Action,3596
 Adventure,3596
 Drama,3596
Drama,3597
 Romance,3597
Western,3598
Action,3599
 Adventure,3599
 Drama,3599
Action,3600
 Sci-Fi,3600
Biography,3601
 Crime,3601
 Drama,3601
Action,3602
 Adventure,3602
 Fantasy,3602
Drama,3603
Biography,3604
 Drama,3604
 History,3604
Comedy,3605
 Drama,3605
 Thriller,3605
Drama,3606
Adventure,3607
 Drama,3607
 Sci-Fi,3607
Crime,3608
 Drama,3608
Animation,3609
 Adventure,3609
 Family,3609
Drama,3610
 War,3610
Crime,3611
 Drama,3611
 Fantasy,3611
Comedy,3612
 Drama,3612
 Romance,3612
Crime,3613
 Drama,3613
 Mystery,3613
Crime,3614
 Drama,3614
 Thriller,3614
Action,3615
 Adventure,3615
 Fantasy,3615
Action,3616
 Drama,3616
 Mystery,3616
Action,3617
 Adventure,3617
 Drama,3617
Drama,3618
 Family,3618
 Fantasy,3618
Crime,3619
 Drama,3619
 Thriller,3619
Drama,3620
 Music,3620
Biography,3621
 Comedy,3621
 Drama,3621
Drama,3622
 Mystery,3622
 Sci-Fi,3622
Crime,3623
 Drama,3623
 Thriller,3623
Biography,3624
 Drama,3624
 Music,3624
Action,3625
 Adventure,3625
 Drama,3625
Drama,3626
Crime,3627
 Mystery,3627
 Thriller,3627
Action,3628
 Crime,3628
 Drama,3628
Animation,3629
 Adventure,3629
 Drama,3629
Action,3630
 Sci-Fi,3630
Drama,3631
 Romance,3631
Animation,3632
 Drama,3632
 War,3632
Adventure,3633
 Comedy,3633
 Sci-Fi,3633
Western,3634
Horror,3635
 Mystery,3635
 Thriller,3635
Drama,3636
 Romance,3636
 War,3636
Comedy,3637
 Drama,3637
 Family,3637
Comedy,3638
 Drama,3638
 Romance,3638
Drama,3639
Biography,3640
 Drama,3640
 History,3640
Action,3641
 Crime,3641
 Drama,3641
Animation,3642
 Drama,3642
 Fantasy,3642
Action,3643
 Biography,3643
 Drama,3643
Animation,3644
 Action,3644
 Adventure,3644
Action,3645
 Adventure,3645
 Drama,3645
Action,3646
 Adventure,3646
 Sci-Fi,3646
Animation,3647
 Adventure,3647
 Family,3647
Drama,3648
 Western,3648
Action,3649
 Adventure,3649
Comedy,3650
 Drama,3650
Drama,3651
 Family,3651
Animation,3652
 Adventure,3652
 Family,3652
Drama,3653
 Mystery,3653
 Thriller,3653
Action,3654
 Drama,3654
 Mystery,3654
Mystery,3655
 Thriller,3655
Animation,3656
 Action,3656
 Adventure,3656
Crime,3657
 Drama,3657
Action,3658
 Adventure,3658
Drama,3659
 Horror,3659
Drama,3660
 Mystery,3660
 War,3660
Horror,3661
 Sci-Fi,3661
Drama,3662
 Musical,3662
Crime,3663
 Drama,3663
 Mystery,3663
Comedy,3664
Crime,3665
 Drama,3665
 Mystery,3665
Drama,3666
 War,3666
Mystery,3667
 Thriller,3667
Drama,3668
 Film-Noir,3668
Comedy,3669
 Drama,3669
 War,3669
Drama,3670
 Thriller,3670
 War,3670
Drama,3671
 Fantasy,3671
 Horror,3671
Crime,3672
 Drama,3672
 Music,3672
Crime,3673
 Drama,3673
 Thriller,3673
Drama,3674
Drama,3675
Drama,3676
 Mystery,3676
 War,3676
Drama,3677
Drama,3678
 Family,3678
Adventure,3679
 Drama,3679
 War,3679
Drama,3680
 Romance,3680
 Sci-Fi,3680
Comedy,3681
 Romance,3681
Comedy,3682
 Crime,3682
Drama,3683
Drama,3684
Drama,3685
 Romance,3685
Drama,3686
 Family,3686
 Sport,3686
Animation,3687
 Adventure,3687
 Comedy,3687
Biography,3688
 Drama,3688
 History,3688
Crime,3689
 Drama,3689
 Thriller,3689
Drama,3690
 War,3690
Drama,3691
 Thriller,3691
 War,3691
Action,3692
 Adventure,3692
 Sci-Fi,3692
Biography,3693
 Drama,3693
 History,3693
Crime,3694
 Drama,3694
Action,3695
 Adventure,3695
 Fantasy,3695
Adventure,3696
 Drama,3696
 Thriller,3696
Crime,3697
 Drama,3697
Comedy,3698
 Crime,3698
 Drama,3698
Crime,3699
 Drama,3699
 Sci-Fi,3699
Adventure,3700
 Sci-Fi,3700
Western,3701
Adventure,3702
 Biography,3702
 Drama,3702
Comedy,3703
 Drama,3703
 Romance,3703
Adventure,3704
 Mystery,3704
 Thriller,3704
Mystery,3705
 Romance,3705
 Thriller,3705
Comedy,3706
 Musical,3706
 Romance,3706
Drama,3707
Drama,3708
Crime,3709
 Drama,3709
 Film-Noir,3709
Drama,3710
 Mystery,3710
Crime,3711
 Mystery,3711
 Thriller,3711
Drama,3712
 Sci-Fi,3712
Comedy,3713
 Drama,3713
 Family,3713
Comedy,3714
 Drama,3714
Action,3715
 Drama,3715
 War,3715
Action,3716
 Drama,3716
Biography,3717
 Comedy,3717
 Drama,3717
Comedy,3718
 Crime,3718
 Drama,3718
Crime,3719
 Drama,3719
 Mystery,3719
Action,3720
 Drama,3720
Animation,3721
 Adventure,3721
 Comedy,3721
Crime,3722
 Drama,3722
 Mystery,3722
Adventure,3723
 Comedy,3723
 Drama,3723
Drama,3724
 War,3724
Biography,3725
 Drama,3725
 Sport,3725
Action,3726
 Comedy,3726
 Crime,3726
Drama,3727
Action,3728
 Biography,3728
 Crime,3728
Drama,3729
 Mystery,3729
 Romance,3729
Action,3730
 Drama,3730
 Sport,3730
Mystery,3731
 Thriller,3731
Animation,3732
 Adventure,3732
 Comedy,3732
Biography,3733
 Crime,3733
 Drama,3733
Drama,3734
 Family,3734
 Sport,3734
Drama,3735
Drama,3736
 Fantasy,3736
 War,3736
Animation,3737
 Adventure,3737
 Comedy,3737
Action,3738
 Drama,3738
 Sci-Fi,3738
Comedy,3739
 Crime,3739
 Drama,3739
Drama,3740
Action,3741
 Adventure,3741
Drama,3742
Biography,3743
 Drama,3743
 History,3743
Animation,3744
 Adventure,3744
 Family,3744
Biography,3745
 Drama,3745
Action,3746
 Comedy,3746
 Crime,3746
Action,3747
 Comedy,3747
 Crime,3747
Crime,3748
 Drama,3748
 Mystery,3748
Crime,3749
 Drama,3749
 Thriller,3749
Crime,3750
 Drama,3750
 Thriller,3750
Crime,3751
 Drama,3751
Action,3752
 Comedy,3752
 Romance,3752
Drama,3753
 Western,3753
Action,3754
 Adventure,3754
Comedy,3755
 Crime,3755
 Drama,3755
Animation,3756
 Family,3756
 Fantasy,3756
Action,3757
 Thriller,3757
Action,3758
 Drama,3758
 War,3758
Biography,3759
 Drama,3759
 Sport,3759
Drama,3760
 Sci-Fi,3760
Drama,3761
 Music,3761
Biography,3762
 Drama,3762
 History,3762
Action,3763
 Adventure,3763
 Comedy,3763
Adventure,3764
 Comedy,3764
 Fantasy,3764
Adventure,3765
 Drama,3765
 History,3765
Crime,3766
 Drama,3766
Action,3767
 Drama,3767
 Thriller,3767
Drama,3768
 War,3768
Comedy,3769
 Music,3769
 Romance,3769
Drama,3770
 Romance,3770
Drama,3771
 Fantasy,3771
 History,3771
Crime,3772
 Drama,3772
 Thriller,3772
Crime,3773
 Thriller,3773
Drama,3774
Crime,3775
 Drama,3775
 Mystery,3775
Drama,3776
Adventure,3777
 Drama,3777
 Western,3777
Comedy,3778
 War,3778
Adventure,3779
 Comedy,3779
 Drama,3779
Action,3780
 Comedy,3780
 Romance,3780
Drama,3781
 Romance,3781
Drama,3782
 Thriller,3782
Animation,3783
 Drama,3783
 Family,3783
Crime,3784
 Drama,3784
 Mystery,3784
Drama,3785
 Romance,3785
 Thriller,3785
Drama,3786
Action,3787
 Crime,3787
 Drama,3787
Action,3788
 Drama,3788
 Sci-Fi,3788
Drama,3789
 Thriller,3789
Comedy,3790
 Drama,3790
 Thriller,3790
Animation,3791
 Adventure,3791
 Comedy,3791
Drama,3792
Comedy,3793
 Drama,3793
 Musical,3793
Comedy,3794
 Drama,3794
 Fantasy,3794
Adventure,3795
 Comedy,3795
 Crime,3795
Drama,3796
 Mystery,3796
 Thriller,3796
Animation,3797
 Drama,3797
 Fantasy,3797
Biography,3798
 Drama,3798
 History,3798
Animation,3799
 Adventure,3799
 Comedy,3799
Comedy,3800
 Drama,3800
 Romance,3800
Biography,3801
 Drama,3801
 History,3801
Action,3802
 Biography,3802
 Drama,3802
Action,3803
 Biography,3803
 Drama,3803
Biography,3804
 Crime,3804
 Drama,3804
Animation,3805
 Adventure,3805
 Drama,3805
Mystery,3806
 Thriller,3806
Comedy,3807
 Drama,3807
Crime,3808
 Drama,3808
 Mystery,3808
Action,3809
 Adventure,3809
 Sci-Fi,3809
Action,3810
 Crime,3810
 Drama,3810
Drama,3811
Adventure,3812
 Drama,3812
 Fantasy,3812
Drama,3813
 Music,3813
Biography,3814
 Drama,3814
 Family,3814
Animation,3815
 Comedy,3815
 Drama,3815
Animation,3816
 Action,3816
 Adventure,3816
Adventure,3817
 Biography,3817
 Drama,3817
Crime,3818
 Drama,3818
 Thriller,3818
Comedy,3819
 Drama,3819
 Romance,3819
Drama,3820
 Sport,3820
Biography,3821
 Drama,3821
 History,3821
Action,3822
 Drama,3822
 War,3822
Drama,3823
 Romance,3823
Comedy,3824
 Drama,3824
 Musical,3824
Crime,3825
 Drama,3825
 Mystery,3825
Comedy,3826
 Drama,3826
 Romance,3826
Action,3827
 Crime,3827
 Drama,3827
Animation,3828
 Adventure,3828
 Comedy,3828
Biography,3829
 Crime,3829
 Drama,3829
Drama,3830
 Thriller,3830
Animation,3831
 Adventure,3831
 Comedy,3831
Animation,3832
 Action,3832
 Drama,3832
Adventure,3833
 Drama,3833
 Musical,3833
Drama,3834
 Mystery,3834
 Thriller,3834
Drama,3835
 Music,3835
 Romance,3835
Comedy,3836
 Drama,3836
Comedy,3837
 Crime,3837
 Romance,3837
Comedy,3838
 Crime,3838
 Sport,3838
Drama,3839
 Romance,3839
Drama,3840
Crime,3841
 Drama,3841
 Thriller,3841
Comedy,3842
 Drama,3842
 War,3842
Crime,3843
 Drama,3843
Drama,3844
 Romance,3844
Drama,3845
 Romance,3845
Drama,3846
 Mystery,3846
 Romance,3846
Comedy,3847
 Crime,3847
 Drama,3847
Action,3848
 Adventure,3848
 Sci-Fi,3848
Biography,3849
 Crime,3849
 Drama,3849
Drama,3850
 Music,3850
 Romance,3850
Drama,3851
 History,3851
 Romance,3851
Comedy,3852
 Drama,3852
Adventure,3853
 Drama,3853
Drama,3854
 War,3854
Drama,3855
Animation,3856
 Adventure,3856
 Fantasy,3856
Horror,3857
 Mystery,3857
 Sci-Fi,3857
Drama,3858
 Fantasy,3858
 Music,3858
Adventure,3859
 Drama,3859
Drama,3860
Action,3861
 Sci-Fi,3861
 Thriller,3861
Biography,3862
 Drama,3862
Comedy,3863
Drama,3864
 War,3864
Drama,3865
 Sport,3865
Drama,3866
Adventure,3867
 Drama,3867
 History,3867
Biography,3868
 Drama,3868
Drama,3869
 Mystery,3869
 Thriller,3869
Comedy,3870
 Crime,3870
 Drama,3870
Drama,3871
Drama,3872
 Mystery,3872
 Sci-Fi,3872
Crime,3873
 Drama,3873
 Mystery,3873
Crime,3874
 Drama,3874
Drama,3875
 Thriller,3875
Biography,3876
 Drama,3876
 History,3876
Drama,3877
 War,3877
Drama,3878
 Fantasy,3878
Drama,3879
 Horror,3879
 Thriller,3879
Action,3880
 Comedy,3880
 Crime,3880
Drama,3881
 Western,3881
Drama,3882
 War,3882
Drama,3883
Biography,3884
 Drama,3884
 History,3884
Crime,3885
 Drama,3885
Adventure,3886
 Drama,3886
 History,3886
Adventure,3887
 Drama,3887
Drama,3888
Drama,3889
 History,3889
Adventure,3890
 Drama,3890
 War,3890
Crime,3891
 Drama,3891
 Thriller,3891
Adventure,3892
 Drama,3892
 Thriller,3892
Drama,3893
 Film-Noir,3893
Action,3894
 Crime,3894
 Drama,3894
Film-Noir,3895
 Mystery,3895
 Thriller,3895
Drama,3896
 Music,3896
 Romance,3896
Comedy,3897
 Drama,3897
 Romance,3897
Drama,3898
 Mystery,3898
 Romance,3898
Comedy,3899
 Drama,3899
Drama,3900
 History,3900
 Romance,3900
Drama,3901
 War,3901
Comedy,3902
 Romance,3902
Biography,3903
 Drama,3903
 History,3903
Comedy,3904
 Romance,3904
Drama,3905
 Romance,3905
Action,3906
 Adventure,3906
 Comedy,3906
Fantasy,3907
 Horror,3907
 Mystery,3907
Comedy,3908
 Drama,3908
Adventure,3909
 Biography,3909
 Drama,3909
Drama,3910
 History,3910
Action,3911
 Adventure,3911
 Comedy,3911
Action,3912
 Crime,3912
 Thriller,3912
Comedy,3913
 Drama,3913
 Music,3913
Biography,3914
 Drama,3914
Adventure,3915
 Drama,3915
 Sci-Fi,3915
Animation,3916
 Adventure,3916
 Comedy,3916
Action,3917
 Drama,3917
Animation,3918
 Adventure,3918
 Drama,3918
Drama,3919
 Family,3919
Drama,3920
 Music,3920
 Romance,3920
Crime,3921
 Drama,3921
 Thriller,3921
Drama,3922
Action,3923
 Crime,3923
 Thriller,3923
Biography,3924
 Drama,3924
 Thriller,3924
Action,3925
 Adventure,3925
 Comedy,3925
Action,3926
 Drama,3926
 Mystery,3926
Drama,3927
 Romance,3927
 Sci-Fi,3927
Biography,3928
 Drama,3928
 Music,3928
Action,3929
 Adventure,3929
 Drama,3929
Drama,3930
 Romance,3930
Action,3931
 Crime,3931
 Drama,3931
Biography,3932
 Drama,3932
 History,3932
Drama,3933
Action,3934
 Adventure,3934
 Comedy,3934
Drama,3935
 Mystery,3935
Drama,3936
 Romance,3936
Action,3937
 Biography,3937
 Drama,3937
Drama,3938
Action,3939
 Drama,3939
 Thriller,3939
Drama,3940
 Romance,3940
Drama,3941
 Thriller,3941
Action,3942
 Crime,3942
 Drama,3942
Action,3943
 Adventure,3943
 Sci-Fi,3943
Animation,3944
 Biography,3944
 Drama,3944
Biography,3945
 Drama,3945
Biography,3946
 Drama,3946
Adventure,3947
 Drama,3947
 Thriller,3947
Action,3948
 Mystery,3948
 Thriller,3948
Crime,3949
 Drama,3949
 Romance,3949
Crime,3950
 Thriller,3950
Biography,3951
 Drama,3951
Adventure,3952
 Comedy,3952
 Sci-Fi,3952
Animation,3953
 Adventure,3953
 Comedy,3953
Action,3954
 Adventure,3954
 Thriller,3954
Action,3955
 Crime,3955
 Thriller,3955
Drama,3956
Drama,3957
 Romance,3957
Biography,3958
 Drama,3958
Biography,3959
 Drama,3959
 History,3959
Comedy,3960
 Drama,3960
 Musical,3960
Action,3961
 Crime,3961
 Drama,3961
Action,3962
 Adventure,3962
 Fantasy,3962
Adventure,3963
 Drama,3963
 Fantasy,3963
Animation,3964
 Action,3964
 Adventure,3964
Comedy,3965
 Drama,3965
 Romance,3965
Crime,3966
 Drama,3966
Comedy,3967
 Drama,3967
Drama,3968
 Mystery,3968
 Sci-Fi,3968
Drama,3969
Crime,3970
 Drama,3970
 Musical,3970
Biography,3971
 Drama,3971
Animation,3972
 Crime,3972
 Mystery,3972
Drama,3973
Drama,3974
Animation,3975
 Action,3975
 Adventure,3975
Action,3976
 Crime,3976
 Comedy,3976
Drama,3977
Comedy,3978
 Drama,3978
Mystery,3979
 Sci-Fi,3979
 Thriller,3979
Animation,3980
 Action,3980
 Crime,3980
Animation,3981
 Family,3981
 Fantasy,3981
Comedy,3982
 Fantasy,3982
 Romance,3982
Crime,3983
 Drama,3983
Drama,3984
Animation,3985
 Adventure,3985
 Comedy,3985
Drama,3986
 History,3986
 Thriller,3986
Animation,3987
 Family,3987
 Fantasy,3987
Adventure,3988
 Drama,3988
 Western,3988
Comedy,3989
 Drama,3989
Drama,3990
Animation,3991
 Action,3991
 Sci-Fi,3991
Adventure,3992
 Family,3992
 Fantasy,3992
Drama,3993
 Fantasy,3993
 Romance,3993
Drama,3994
 War,3994
Animation,3995
 Adventure,3995
 Drama,3995
Action,3996
 Sci-Fi,3996
Biography,3997
 Drama,3997
 History,3997
Drama,3998
 History,3998
 War,3998
Comedy,3999
 Drama,3999
Comedy,4000
 Romance,4000
Adventure,4001
 Thriller,4001
Biography,4002
 Crime,4002
 Drama,4002
Comedy,4003
Biography,4004
 Crime,4004
 Drama,4004
Horror,4005
Mystery,4006
 Thriller,4006
Drama,4007
 Romance,4007
Drama,4008
 Family,4008
 Musical,4008
Drama,4009
Biography,4010
 Crime,4010
 Drama,4010
Drama,4011
 Horror,4011
Adventure,4012
 Sci-Fi,4012
Comedy,4013
 Drama,4013
 Romance,4013
Drama,4014
Biography,4015
 Drama,4015
 Family,4015
Drama,4016
 Romance,4016
 War,4016
Action,4017
 Drama,4017
 Western,4017
Drama,4018
Drama,4019
Drama,4020
 Sport,4020
Comedy,4021
 Drama,4021
Action,4022
 Drama,4022
 Western,4022
Crime,4023
 Drama,4023
 Mystery,4023
Crime,4024
 Drama,4024
 Film-Noir,4024
Drama,4025
Drama,4026
 Film-Noir,4026
Crime,4027
 Drama,4027
 Film-Noir,4027
Crime,4028
 Drama,4028
 Film-Noir,4028
Drama,4029
Crime,4030
 Drama,4030
 Horror,4030
Comedy,4031
 Drama,4031
 War,4031
Comedy,4032
 Romance,4032
Drama,4033
Drama,4034
 Film-Noir,4034
 Mystery,4034
Comedy,4035
 Crime,4035
Crime,4036
 Drama,4036
 Mystery,4036
Crime,4037
 Drama,4037
 Film-Noir,4037
Drama,4038
 Romance,4038
Drama,4039
 Film-Noir,4039
 Mystery,4039
Drama,4040
 Romance,4040
 War,4040
Comedy,4041
 Crime,4041
 Thriller,4041
Film-Noir,4042
 Mystery,4042
Drama,4043
 History,4043
Adventure,4044
 Family,4044
 Fantasy,4044
Comedy,4045
 Drama,4045
Comedy,4046
 Crime,4046
 Mystery,4046
Drama,4047
 War,4047
Drama,4048
 History,4048
 Thriller,4048
Comedy,4049
 Crime,4049
 Drama,4049
Comedy,4050
 Drama,4050
 Romance,4050
Crime,4051
 Drama,4051
Comedy,4052
 Drama,4052
 Romance,4052
Drama,4053
 Romance,4053
Drama,4054
Animation,4055
 Adventure,4055
 Comedy,4055
Adventure,4056
 Comedy,4056
 Drama,4056
Comedy,4057
 Drama,4057
Comedy,4058
 Drama,4058
 Music,4058
Action,4059
 Adventure,4059
 Comedy,4059
Crime,4060
 Drama,4060
 Thriller,4060
Comedy,4061
 Drama,4061
 War,4061
Drama,4062
 Sci-Fi,4062
Action,4063
 Adventure,4063
 Sci-Fi,4063
Drama,4064
 Romance,4064
Action,4065
 Adventure,4065
 Sci-Fi,4065
Crime,4066
 Drama,4066
Comedy,4067
 Drama,4067
 Romance,4067
Action,4068
 Adventure,4068
 Sci-Fi,4068
Drama,4069
 Romance,4069
Biography,4070
 Crime,4070
 Drama,4070
Crime,4071
 Drama,4071
Drama,4072
 Mystery,4072
 Sci-Fi,4072
Crime,4073
 Drama,4073
 Fantasy,4073
Action,4074
 Sci-Fi,4074
 Thriller,4074
Drama,4075
 Sport,4075
Comedy,4076
 Drama,4076
 Romance,4076
Drama,4077
Drama,4078
Action,4079
 Adventure,4079
 Sci-Fi,4079
Comedy,4080
 Crime,4080
 Drama,4080
Drama,4081
 Fantasy,4081
 Mystery,4081
Action,4082
 Adventure,4082
 Drama,4082
Adventure,4083
 Drama,4083
 Fantasy,4083
Adventure,4084
 Drama,4084
 Fantasy,4084
Animation,4085
 Adventure,4085
 Comedy,4085
Comedy,4086
 Drama,4086
Drama,4087
 Music,4087
Action,4088
 Adventure,4088
 Sci-Fi,4088
Comedy,4089
 Horror,4089
Drama,4090
 Romance,4090
Crime,4091
 Drama,4091
 Mystery,4091
Adventure,4092
 Family,4092
 Fantasy,4092
Action,4093
 Adventure,4093
 History,4093
Drama,4094
 Mystery,4094
 Romance,4094
Comedy,4095
 Drama,4095
 War,4095
Animation,4096
 Action,4096
 Crime,4096
Action,4097
 Mystery,4097
 Thriller,4097
Crime,4098
 Drama,4098
 Thriller,4098
Adventure,4099
 Drama,4099
 Sci-Fi,4099
Adventure,4100
 Comedy,4100
 Drama,4100
Drama,4101
 Mystery,4101
 Thriller,4101
Animation,4102
 Adventure,4102
 Comedy,4102
Drama,4103
Animation,4104
 Drama,4104
 Family,4104
Crime,4105
 Drama,4105
Crime,4106
 Drama,4106
 Romance,4106
Drama,4107
 Music,4107
 Mystery,4107
Animation,4108
 Action,4108
 Adventure,4108
Crime,4109
 Drama,4109
 Thriller,4109
Drama,4110
 Fantasy,4110
 Romance,4110
Biography,4111
 Drama,4111
Comedy,4112
 Drama,4112
Crime,4113
 Drama,4113
 Thriller,4113
Comedy,4114
 Drama,4114
Drama,4115
 Sci-Fi,4115
Comedy,4116
 Music,4116
Comedy,4117
 Family,4117
Action,4118
 Adventure,4118
 Comedy,4118
Comedy,4119
 Drama,4119
 Romance,4119
Drama,4120
 Music,4120
 Musical,4120
Action,4121
 Adventure,4121
 Horror,4121
Biography,4122
 Drama,4122
 History,4122
Adventure,4123
 Drama,4123
 Fantasy,4123
Comedy,4124
 Drama,4124
 Family,4124
Comedy,4125
Action,4126
 Adventure,4126
 Biography,4126
Comedy,4127
 Drama,4127
 Romance,4127
Biography,4128
 Drama,4128
 War,4128
Action,4129
 Adventure,4129
 Western,4129
Horror,4130
 Thriller,4130
Biography,4131
 Drama,4131
 History,4131
Crime,4132
 Drama,4132
 Mystery,4132
Comedy,4133
 Mystery,4133
 Romance,4133
Drama,4134
 Thriller,4134
Adventure,4135
 Biography,4135
 Drama,4135
Drama,4136
 Mystery,4136
Drama,4137
 Romance,4137
Adventure,4138
 Drama,4138
Adventure,4139
 Drama,4139
 Western,4139
Drama,4140
Drama,4141
 Thriller,4141
 Western,4141
Crime,4142
 Film-Noir,4142
 Thriller,4142
Comedy,4143
 Drama,4143
 Fantasy,4143
Comedy,4144
 Drama,4144
 Family,4144
Drama,4145
 Film-Noir,4145
 Romance,4145
Crime,4146
 Film-Noir,4146
 Mystery,4146
Drama,4147
 Film-Noir,4147
Comedy,4148
 Romance,4148
Comedy,4149
 Drama,4149
 Romance,4149
Action,4150
 Adventure,4150
 Romance,4150
Comedy,4151
 Music,4151
 Musical,4151
Adventure,4152
 Horror,4152
 Sci-Fi,4152
Drama,4153
 Horror,4153
Fantasy,4154
 Horror,4154
Action,4155
 Comedy,4155
 Crime,4155
Action,4156
 Drama,4156
 Thriller,4156
Drama,4157
 Music,4157
Drama,4158
Action,4159
 Drama,4159
 History,4159
Comedy,4160
 Drama,4160
Biography,4161
 Drama,4161
 History,4161
Adventure,4162
 Comedy,4162
 Family,4162
Action,4163
 Crime,4163
 Drama,4163
Animation,4164
 Action,4164
 Adventure,4164
Biography,4165
 Drama,4165
 Sport,4165
Drama,4166
Drama,4167
 History,4167
 War,4167
Action,4168
 Adventure,4168
 Sci-Fi,4168
Action,4169
 Adventure,4169
 Sci-Fi,4169
Crime,4170
 Drama,4170
 Mystery,4170
Drama,4171
 Romance,4171
Animation,4172
 Biography,4172
 Crime,4172
Biography,4173
 Comedy,4173
 Drama,4173
Drama,4174
 Mystery,4174
Drama,4175
Drama,4176
 Romance,4176
Comedy,4177
 Romance,4177
Animation,4178
 Action,4178
 Adventure,4178
Comedy,4179
 Drama,4179
 Fantasy,4179
Comedy,4180
 Drama,4180
 Family,4180
Animation,4181
 Biography,4181
 Drama,4181
Animation,4182
 Adventure,4182
 Comedy,4182
Crime,4183
 Drama,4183
 Mystery,4183
Comedy,4184
 Drama,4184
 Romance,4184
Animation,4185
 Action,4185
 Adventure,4185
Biography,4186
 Comedy,4186
 Drama,4186
Drama,4187
 Thriller,4187
Action,4188
 Crime,4188
 Drama,4188
Crime,4189
 Drama,4189
 Mystery,4189
Adventure,4190
 Biography,4190
 Crime,4190
Action,4191
 Crime,4191
 Drama,4191
Biography,4192
 Drama,4192
 History,4192
Crime,4193
 Drama,4193
 Mystery,4193
Action,4194
 Crime,4194
 Thriller,4194
Adventure,4195
 Fantasy,4195
Drama,4196
 History,4196
 Mystery,4196
Crime,4197
 Drama,4197
 Mystery,4197
Drama,4198
 History,4198
 Thriller,4198
Comedy,4199
 Drama,4199
Biography,4200
 Drama,4200
 Sport,4200
Action,4201
 Thriller,4201
Drama,4202
 History,4202
 War,4202
Drama,4203
 Music,4203
 Romance,4203
Adventure,4204
 Fantasy,4204
Drama,4205
Drama,4206
 Mystery,4206
 Romance,4206
Crime,4207
 Drama,4207
Biography,4208
 Crime,4208
 Drama,4208
Action,4209
 Adventure,4209
 Fantasy,4209
Drama,4210
 Fantasy,4210
 Romance,4210
Action,4211
 Adventure,4211
 Drama,4211
Comedy,4212
 Drama,4212
Action,4213
 Comedy,4213
 Mystery,4213
Drama,4214
 Fantasy,4214
 Romance,4214
Drama,4215
 Family,4215
 Musical,4215
Comedy,4216
 Crime,4216
 Drama,4216
Drama,4217
 Romance,4217
Biography,4218
 Drama,4218
 Sport,4218
Animation,4219
 Adventure,4219
 Comedy,4219
Action,4220
 Adventure,4220
 Sci-Fi,4220
Biography,4221
 Drama,4221
 Music,4221
Drama,4222
Drama,4223
 Romance,4223
Adventure,4224
 Biography,4224
 Drama,4224
Crime,4225
 Drama,4225
Animation,4226
 Comedy,4226
 Drama,4226
Action,4227
 Drama,4227
 Thriller,4227
Action,4228
 Adventure,4228
 Drama,4228
Animation,4229
 Drama,4229
 Fantasy,4229
Biography,4230
 Drama,4230
 Sport,4230
Action,4231
 Adventure,4231
 Fantasy,4231
Drama,4232
Adventure,4233
 Drama,4233
 Romance,4233
Action,4234
 Crime,4234
 Thriller,4234
Biography,4235
 Drama,4235
 Thriller,4235
Biography,4236
 Drama,4236
 Family,4236
Animation,4237
 Adventure,4237
 Comedy,4237
Drama,4238
 Romance,4238
Crime,4239
 Drama,4239
 Romance,4239
Drama,4240
 Sci-Fi,4240
 Thriller,4240
Action,4241
 Drama,4241
 Mystery,4241
Drama,4242
Biography,4243
 Comedy,4243
 Drama,4243
Drama,4244
Action,4245
 Biography,4245
 Drama,4245
Comedy,4246
 Drama,4246
 Family,4246
Drama,4247
 Romance,4247
Comedy,4248
 Drama,4248
Action,4249
 Crime,4249
 Drama,4249
Crime,4250
 Drama,4250
 Romance,4250
Animation,4251
 Action,4251
 Crime,4251
Action,4252
 Crime,4252
 Thriller,4252
Comedy,4253
 Drama,4253
Drama,4254
 Fantasy,4254
 Music,4254
Crime,4255
 Drama,4255
Drama,4256
 Thriller,4256
Biography,4257
 Drama,4257
Animation,4258
 Adventure,4258
 Drama,4258
Biography,4259
 Drama,4259
 History,4259
Action,4260
 Crime,4260
 Drama,4260
Adventure,4261
 Comedy,4261
 Sci-Fi,4261
Crime,4262
 Drama,4262
 History,4262
Action,4263
 Adventure,4263
 Sci-Fi,4263
Action,4264
 Comedy,4264
 Fantasy,4264
Comedy,4265
Comedy,4266
 Crime,4266
 Drama,4266
Adventure,4267
 Comedy,4267
 Family,4267
Drama,4268
Comedy,4269
 Drama,4269
Biography,4270
 Drama,4270
 History,4270
Action,4271
 Comedy,4271
 Fantasy,4271
Adventure,4272
 Biography,4272
 Drama,4272
Comedy,4273
 Crime,4273
 Drama,4273
Family,4274
 Sci-Fi,4274
Drama,4275
Drama,4276
 Romance,4276
Western,4277
Adventure,4278
 History,4278
 War,4278
Drama,4279
 Mystery,4279
 Thriller,4279
Animation,4280
 Sci-Fi,4280
Crime,4281
 Drama,4281
 Thriller,4281
Action,4282
 Crime,4282
 Drama,4282
Drama,4283
 Music,4283
 Musical,4283
Family,4284
 Fantasy,4284
 Musical,4284
Drama,4285
Thriller,4286
Comedy,4287
 Drama,4287
Action,4288
 Biography,4288
 Crime,4288
Drama,4289
 Family,4289
 Musical,4289
Comedy,4290
 Family,4290
 Fantasy,4290
Action,4291
 Drama,4291
 History,4291
Drama,4292
 Romance,4292
Horror,4293
Crime,4294
 Drama,4294
Action,4295
 Adventure,4295
 Drama,4295
Action,4296
 Crime,4296
 Drama,4296
Adventure,4297
 Comedy,4297
 Film-Noir,4297
Film-Noir,4298
 Thriller,4298
Adventure,4299
 Drama,4299
 Western,4299
Mystery,4300
 Thriller,4300
Comedy,4301
 Family,4301
 Romance,4301
Drama,4302
 Horror,4302
 Sci-Fi,4302
Comedy,4303
 Musical,4303
 War,4303
Action,4304
 Crime,4304
 Drama,4304
Drama,4305
 Horror,4305
 Sci-Fi,4305
Drama,4306
Drama,4307
 Romance,4307
Action,4308
 Adventure,4308
 Comedy,4308
Crime,4309
 Drama,4309
 Mystery,4309
Horror,4310
 Mystery,4310
 Thriller,4310
Action,4311
 Adventure,4311
 Thriller,4311
Comedy,4312
 Drama,4312
 Romance,4312
Comedy,4313
 Horror,4313
Animation,4314
 Drama,4314
 Family,4314
Biography,4315
 Drama,4315
 Romance,4315
Action,4316
 Adventure,4316
 Comedy,4316
Drama,4317
 Romance,4317
Comedy,4318
 Drama,4318
Comedy,4319
 Drama,4319
Drama,4320
 Romance,4320
Drama,4321
 Sport,4321
Drama,4322
 Music,4322
 Romance,4322
Action,4323
 Adventure,4323
 Sci-Fi,4323
Drama,4324
 Music,4324
 Musical,4324
Adventure,4325
 Comedy,4325
 Drama,4325
Animation,4326
 Adventure,4326
 Comedy,4326
Animation,4327
 Adventure,4327
 Drama,4327
Drama,4328
Comedy,4329
 Fantasy,4329
 Romance,4329
Animation,4330
 Action,4330
 Adventure,4330
Drama,4331
 Sci-Fi,4331
 Thriller,4331
Action,4332
 Adventure,4332
 Sci-Fi,4332
Drama,4333
 War,4333
Biography,4334
 Drama,4334
Action,4335
 Adventure,4335
 Sci-Fi,4335
Comedy,4336
Action,4337
 Adventure,4337
 Thriller,4337
Comedy,4338
 Drama,4338
 Romance,4338
Biography,4339
 Drama,4339
 Thriller,4339
Comedy,4340
 Drama,4340
 Romance,4340
Adventure,4341
 Family,4341
 Fantasy,4341
Animation,4342
 Adventure,4342
 Comedy,4342
Biography,4343
 Drama,4343
 History,4343
Animation,4344
 Drama,4344
 Fantasy,4344
Biography,4345
 Crime,4345
 Drama,4345
Comedy,4346
 Drama,4346
 Romance,4346
Animation,4347
 Adventure,4347
 Comedy,4347
Crime,4348
 Drama,4348
 Fantasy,4348
Crime,4349
 Drama,4349
Drama,4350
 Sci-Fi,4350
 Thriller,4350
Drama,4351
Biography,4352
 Drama,4352
 History,4352
Crime,4353
 Drama,4353
 Mystery,4353
Action,4354
 Crime,4354
 Drama,4354
Drama,4355
 History,4355
 Music,4355
Biography,4356
 Drama,4356
 Music,4356
Animation,4357
 Adventure,4357
 Comedy,4357
Drama,4358
 Thriller,4358
 War,4358
Drama,4359
 Romance,4359
Action,4360
 Crime,4360
 Drama,4360
Crime,4361
 Drama,4361
 Thriller,4361
Action,4362
 Comedy,4362
 Fantasy,4362
Action,4363
 Mystery,4363
 Thriller,4363
Drama,4364
 Thriller,4364
Biography,4365
 Drama,4365
 Music,4365
Comedy,4366
 Drama,4366
Adventure,4367
 Family,4367
 Fantasy,4367
Action,4368
 Crime,4368
 Drama,4368
Animation,4369
 Drama,4369
 Family,4369
Action,4370
 Drama,4370
Drama,4371
Comedy,4372
 Drama,4372
 Romance,4372
Drama,4373
Drama,4374
Comedy,4375
 Drama,4375
Drama,4376
 History,4376
 War,4376
Crime,4377
 Drama,4377
 Thriller,4377
Drama,4378
 Thriller,4378
Drama,4379
 Music,4379
Comedy,4380
 Drama,4380
 Music,4380
Crime,4381
 Thriller,4381
Animation,4382
 Action,4382
 Fantasy,4382
Adventure,4383
 Comedy,4383
 Crime,4383
Adventure,4384
 Comedy,4384
 Drama,4384
Animation,4385
 Comedy,4385
 Fantasy,4385
Comedy,4386
Comedy,4387
 Drama,4387
Crime,4388
 Drama,4388
 Thriller,4388
Comedy,4389
 Drama,4389
 Romance,4389
Drama,4390
 Mystery,4390
 Sci-Fi,4390
Comedy,4391
 Drama,4391
 Fantasy,4391
Comedy,4392
 Drama,4392
 Romance,4392
Action,4393
 Adventure,4393
 Sci-Fi,4393
Comedy,4394
Biography,4395
 Crime,4395
 Drama,4395
Biography,4396
 Drama,4396
 Music,4396
Crime,4397
 Drama,4397
 Mystery,4397
Drama,4398
Drama,4399
 Family,4399
 Fantasy,4399
Comedy,4400
 Crime,4400
 Drama,4400
Biography,4401
 Comedy,4401
 Drama,4401
Comedy,4402
Comedy,4403
 Drama,4403
Drama,4404
Comedy,4405
 Drama,4405
 Family,4405
Biography,4406
 Drama,4406
 History,4406
Action,4407
 Adventure,4407
 Drama,4407
Animation,4408
 Adventure,4408
 Comedy,4408
Crime,4409
 Drama,4409
 Mystery,4409
Drama,4410
 Thriller,4410
Drama,4411
Comedy,4412
 Drama,4412
 Thriller,4412
Crime,4413
 Drama,4413
 Thriller,4413
Animation,4414
 Adventure,4414
 Comedy,4414
Mystery,4415
 Thriller,4415
Comedy,4416
 Drama,4416
Biography,4417
 Drama,4417
 History,4417
Action,4418
 Drama,4418
 History,4418
Crime,4419
 Drama,4419
 Mystery,4419
Drama,4420
 Mystery,4420
 Thriller,4420
Comedy,4421
 Fantasy,4421
 Romance,4421
Comedy,4422
 Crime,4422
 Drama,4422
Comedy,4423
Drama,4424
Action,4425
 Adventure,4425
 Sci-Fi,4425
Action,4426
 Adventure,4426
Drama,4427
Comedy,4428
Animation,4429
 Adventure,4429
 Family,4429
Horror,4430
 Thriller,4430
Drama,4431
 Thriller,4431
Comedy,4432
 War,4432
Action,4433
 Crime,4433
 Thriller,4433
Comedy,4434
 Western,4434
Biography,4435
 Crime,4435
 Drama,4435
Action,4436
 Crime,4436
 Drama,4436
Adventure,4437
 Drama,4437
 Thriller,4437
Action,4438
 Crime,4438
 Drama,4438
Action,4439
 Crime,4439
 Thriller,4439
Action,4440
 Adventure,4440
 War,4440
Comedy,4441
Action,4442
 Adventure,4442
 War,4442
Drama,4443
 Romance,4443
Biography,4444
 Drama,4444
 History,4444
Drama,4445
 Horror,4445
 Thriller,4445
Drama,4446
 History,4446
 War,4446
Action,4447
 Adventure,4447
 Thriller,4447
Drama,4448
 Horror,4448
 Mystery,4448
Drama,4449
 Thriller,4449
Drama,4450
 Horror,4450
 Thriller,4450
Action,4451
 Adventure,4451
 Western,4451
Drama,4452
 Horror,4452
Drama,4453
 Horror,4453
 Sci-Fi,4453
Drama,4454
Comedy,4455
 Crime,4455
Comedy,4456
 Drama,4456
 Romance,4456
Comedy,4457
 Drama,4457
 Romance,4457
Drama,4458
 Sci-Fi,4458
Adventure,4459
 Drama,4459
 Romance,4459
Drama,4460
 Film-Noir,4460
 Romance,4460
Animation,4461
 Family,4461
 Fantasy,4461
Horror,4462
 Sci-Fi,4462
Biography,4463
 Drama,4463
 History,4463
Drama,4464
 Mystery,4464
 Thriller,4464
Comedy,4465
 Drama,4465
Drama,4466
Drama,4467
Biography,4468
 Crime,4468
 Drama,4468
Drama,4469
Adventure,4470
 Comedy,4470
 Drama,4470
Crime,4471
 Drama,4471
 Romance,4471
Drama,4472
Action,4473
 Adventure,4473
 Comedy,4473
Action,4474
 Crime,4474
 Drama,4474
Action,4475
 Biography,4475
 Drama,4475
Drama,4476
 History,4476
 Thriller,4476
Animation,4477
 Action,4477
 Adventure,4477
Animation,4478
 Adventure,4478
 Comedy,4478
Action,4479
 Crime,4479
 Drama,4479
Drama,4480
 Sport,4480
Crime,4481
 Drama,4481
Action,4482
 Crime,4482
 Drama,4482
Biography,4483
 Comedy,4483
 Drama,4483
Action,4484
 Adventure,4484
 Drama,4484
Mystery,4485
 Thriller,4485
Action,4486
 Thriller,4486
Action,4487
 Crime,4487
 Drama,4487
Animation,4488
 Adventure,4488
 Family,4488
Drama,4489
 Music,4489
 Romance,4489
Drama,4490
 Western,4490
Drama,4491
 Romance,4491
Animation,4492
 Comedy,4492
 Crime,4492
Comedy,4493
 Drama,4493
 Romance,4493
Action,4494
 Comedy,4494
 Crime,4494
Action,4495
 Adventure,4495
 Crime,4495
Biography,4496
 Drama,4496
 Sport,4496
Drama,4497
 Horror,4497
 Thriller,4497
Adventure,4498
 Comedy,4498
 Fantasy,4498
Drama,4499
 Thriller,4499
Action,4500
 Adventure,4500
 Mystery,4500
Biography,4501
 Drama,4501
 Sport,4501
Drama,4502
Drama,4503
Action,4504
 Crime,4504
 Drama,4504
Adventure,4505
 Family,4505
 Fantasy,4505
Animation,4506
 Adventure,4506
 Family,4506
Crime,4507
 Drama,4507
 Mystery,4507
Crime,4508
 Drama,4508
 Mystery,4508
Biography,4509
 Drama,4509
 Music,4509
Action,4510
 Biography,4510
 Drama,4510
Drama,4511
 Fantasy,4511
 Mystery,4511
Crime,4512
 Drama,4512
 Thriller,4512
Action,4513
 Adventure,4513
 Family,4513
Action,4514
 Drama,4514
Drama,4515
 Romance,4515
 Thriller,4515
Action,4516
 Drama,4516
 Mystery,4516
Action,4517
 Crime,4517
 Drama,4517
Horror,4518
 Mystery,4518
 Thriller,4518
Drama,4519
Drama,4520
Comedy,4521
 Drama,4521
 Romance,4521
Drama,4522
 Mystery,4522
 Romance,4522
Comedy,4523
 Drama,4523
Crime,4524
 Drama,4524
 Thriller,4524
Crime,4525
 Drama,4525
 Thriller,4525
Biography,4526
 Drama,4526
 Family,4526
Drama,4527
Drama,4528
 Sci-Fi,4528
 Thriller,4528
Drama,4529
 Horror,4529
 Sci-Fi,4529
Action,4530
 Adventure,4530
 Drama,4530
Comedy,4531
 Drama,4531
Drama,4532
Adventure,4533
 Family,4533
 Fantasy,4533
Horror,4534
 Mystery,4534
 Thriller,4534
Biography,4535
 Crime,4535
 Drama,4535
Drama,4536
 History,4536
 War,4536
Action,4537
 Crime,4537
 Mystery,4537
Biography,4538
 Drama,4538
 Sport,4538
Comedy,4539
 Crime,4539
 Drama,4539
Crime,4540
 Drama,4540
 Thriller,4540
Drama,4541
 War,4541
Animation,4542
 Adventure,4542
 Family,4542
Adventure,4543
 Comedy,4543
 Drama,4543
Crime,4544
 Drama,4544
 Thriller,4544
Mystery,4545
 Sci-Fi,4545
 Thriller,4545
Crime,4546
 Drama,4546
 Thriller,4546
Mystery,4547
 Thriller,4547
Drama,4548
 Romance,4548
Action,4549
 Adventure,4549
 Thriller,4549
Adventure,4550
 Drama,4550
 Fantasy,4550
Drama,4551
 Romance,4551
Adventure,4552
 Drama,4552
 History,4552
Comedy,4553
 Drama,4553
 Romance,4553
Action,4554
 Crime,4554
 Drama,4554
Comedy,4555
Comedy,4556
 Crime,4556
Animation,4557
 Drama,4557
 Romance,4557
Comedy,4558
 Crime,4558
Comedy,4559
 Family,4559
Crime,4560
 Drama,4560
Comedy,4561
 Drama,4561
 Romance,4561
Animation,4562
 Family,4562
 Fantasy,4562
Comedy,4563
 Crime,4563
Comedy,4564
 Drama,4564
Action,4565
 Crime,4565
 Thriller,4565
Crime,4566
 Drama,4566
 Thriller,4566
Drama,4567
Action,4568
 Adventure,4568
 Sci-Fi,4568
Action,4569
 Crime,4569
 Thriller,4569
Adventure,4570
 Comedy,4570
 Family,4570
Action,4571
 Biography,4571
 Crime,4571
Animation,4572
 Adventure,4572
 Drama,4572
Biography,4573
 Crime,4573
 Drama,4573
Drama,4574
 Sci-Fi,4574
Comedy,4575
 Crime,4575
 Drama,4575
Drama,4576
 War,4576
 Western,4576
Adventure,4577
 Comedy,4577
 War,4577
Animation,4578
 Adventure,4578
 Family,4578
Drama,4579
 Mystery,4579
 Thriller,4579
Comedy,4580
 Music,4580
 Musical,4580
Comedy,4581
 Drama,4581
 Romance,4581
Drama,4582
 Western,4582
Drama,4583
 Romance,4583
 War,4583
Drama,4584
 War,4584
Crime,4585
 Mystery,4585
 Thriller,4585
