Genre,Movie
"Drama",3586
"Crime, Drama",3587
"Action, Crime, Drama",3588
"Crime, Drama",3589
"Crime, Drama",3590
"Action, Adventure, Drama",3591
"Crime, Drama",3592
"Biography, Drama, History",3593
"Action, Adventure, Sci-Fi",3594
"Drama",3595
"Action, Adventure, Drama",3596
"Drama, Romance",3597
"Western",3598
"Action, Adventure, Drama",3599
"Action, Sci-Fi",3600
"Biography, Crime, Drama",3601
"Action, Adventure, Fantasy",3602
"Drama",3603
"Biography, Drama, History",3604
"Comedy, Drama, Thriller",3605
"Drama",3606
"Adventure, Drama, Sci-Fi",3607
"Crime, Drama",3608
"Animation, Adventure, Family",3609
"Drama, War",3610
"Crime, Drama, Fantasy",3611
"Comedy, Drama, Romance",3612
"Crime, Drama, Mystery",3613
"Crime, Drama, Thriller",3614
"Action, Adventure, Fantasy",3615
"Action, Drama, Mystery",3616
"Action, Adventure, Drama",3617
"Drama, Family, Fantasy",3618
"Crime, Drama, Thriller",3619
"Drama, Music",3620
"Biography, Comedy, Drama",3621
"Drama, Mystery, Sci-Fi",3622
"Crime, Drama, Thriller",3623
"Biography, Drama, Music",3624
"Action, Adventure, Drama",3625
"Drama",3626
"Crime, Mystery, Thriller",3627
"Action, Crime, Drama",3628
"Animation, Adventure, Drama",3629
"Action, Sci-Fi",3630
"Drama, Romance",3631
"Animation, Drama, War",3632
"Adventure, Comedy, Sci-Fi",3633
"Western",3634
"Horror, Mystery, Thriller",3635
"Drama, Romance, War",3636
"Comedy, Drama, Family",3637
"Comedy, Drama, Romance",3638
"Drama",3639
"Biography, Drama, History",3640
"Action, Crime, Drama",3641
"Animation, Drama, Fantasy",3642
"Action, Biography, Drama",3643
"Animation, Action, Adventure",3644
"Action, Adventure, Drama",3645
"Action, Adventure, Sci-Fi",3646
"Animation, Adventure, Family",3647
"Drama, Western",3648
"Action, Adventure",3649
"Comedy, Drama",3650
"Drama, Family",3651
"Animation, Adventure, Family",3652
"Drama, Mystery, Thriller",3653
"Action, Drama, Mystery",3654
"Mystery, Thriller",3655
"Animation, Action, Adventure",3656
"Crime, Drama",3657
"Action, Adventure",3658
"Drama, Horror",3659
"Drama, Mystery, War",3660
"Horror, Sci-Fi",3661
"Drama, Musical",3662
"Crime, Drama, Mystery",3663
"Comedy",3664
"Crime, Drama, Mystery",3665
"Drama, War",3666
"Mystery, Thriller",3667
"Drama, Film-Noir",3668
"Comedy, Drama, War",3669
"Drama, Thriller, War",3670
"Drama, Fantasy, Horror",3671
"Crime, Drama, Music",3672
"Crime, Drama, Thriller",3673
"Drama",3674
"Drama",3675
"Drama, Mystery, War",3676
"Drama",3677
"Drama, Family",3678
"Adventure, Drama, War",3679
"Drama, Romance, Sci-Fi",3680
"Comedy, Romance",3681
"Comedy, Crime",3682
"Drama",3683
"Drama",3684
"Drama, Romance",3685
"Drama, Family, Sport",3686
"Animation, Adventure, Comedy",3687
"Biography, Drama, History",3688
"Crime, Drama, Thriller",3689
"Drama, War",3690
"Drama, Thriller, War",3691
"Action, Adventure, Sci-Fi",3692
"Biography, Drama, History",3693
"Crime, Drama",3694
"Action, Adventure, Fantasy",3695
"Adventure, Drama, Thriller",3696
"Crime, Drama",3697
"Comedy, Crime, Drama",3698
"Crime, Drama, Sci-Fi",3699
"Adventure, Sci-Fi",3700
"Western",3701
"Adventure, Biography, Drama",3702
"Comedy, Drama, Romance",3703
"Adventure, Mystery, Thriller",3704
"Mystery, Romance, Thriller",3705
"Comedy, Musical, Romance",3706
"Drama",3707
"Drama",3708
"Crime, Drama, Film-Noir",3709
"Drama, Mystery",3710
"Crime, Mystery, Thriller",3711
"Drama, Sci-Fi",3712
"Comedy, Drama, Family",3713
"Comedy, Drama",3714
"Action, Drama, War",3715
"Action, Drama",3716
"Biography, Comedy, Drama",3717
"Comedy, Crime, Drama",3718
"Crime, Drama, Mystery",3719
"Action, Drama",3720
"Animation, Adventure, Comedy",3721
"Crime, Drama, Mystery",3722
"Adventure, Comedy, Drama",3723
"Drama, War",3724
"Biography, Drama, Sport",3725
"Action, Comedy, Crime",3726
"Drama",3727
"Action, Biography, Crime",3728
"Drama, Mystery, Romance",3729
"Action, Drama, Sport",3730
"Mystery, Thriller",3731
"Animation, Adventure, Comedy",3732
"Biography, Crime, Drama",3733
"Drama, Family, Sport",3734
"Drama",3735
"Drama, Fantasy, War",3736
"Animation, Adventure, Comedy",3737
"Action, Drama, Sci-Fi",3738
"Comedy, Crime, Drama",3739
"Drama",3740
"Action, Adventure",3741
"Drama",3742
"Biography, Drama, History",3743
"Animation, Adventure, Family",3744
"Biography, Drama",3745
"Action, Comedy, Crime",3746
"Action, Comedy, Crime",3747
"Crime, Drama, Mystery",3748
"Crime, Drama, Thriller",3749
"Crime, Drama, Thriller",3750
"Crime, Drama",3751
"Action, Comedy, Romance",3752
"Drama, Western",3753
"Action, Adventure",3754
"Comedy, Crime, Drama",3755
"Animation, Family, Fantasy",3756
"Action, Thriller",3757
"Action, Drama, War",3758
"Biography, Drama, Sport",3759
"Drama, Sci-Fi",3760
"Drama, Music",3761
"Biography, Drama, History",3762
"Action, Adventure, Comedy",3763
"Adventure, Comedy, Fantasy",3764
"Adventure, Drama, History",3765
"Crime, Drama",3766
"Action, Drama, Thriller",3767
"Drama, War",3768
"Comedy, Music, Romance",3769
"Drama, Romance",3770
"Drama, Fantasy, History",3771
"Crime, Drama, Thriller",3772
"Crime, Thriller",3773
"Drama",3774
"Crime, Drama, Mystery",3775
"Drama",3776
"Adventure, Drama, Western",3777
"Comedy, War",3778
"Adventure, Comedy, Drama",3779
"Action, Comedy, Romance",3780
"Drama, Romance",3781
"Drama, Thriller",3782
"Animation, Drama, Family",3783
"Crime, Drama, Mystery",3784
"Drama, Romance, Thriller",3785
"Drama",3786
"Action, Crime, Drama",3787
"Action, Drama, Sci-Fi",3788
"Drama, Thriller",3789
"Comedy, Drama, Thriller",3790
"Animation, Adventure, Comedy",3791
"Drama",3792
"Comedy, Drama, Musical",3793
"Comedy, Drama, Fantasy",3794
"Adventure, Comedy, Crime",3795
"Drama, Mystery, Thriller",3796
"Animation, Drama, Fantasy",3797
"Biography, Drama, History",3798
"Animation, Adventure, Comedy",3799
"Comedy, Drama, Romance",3800
"Biography, Drama, History",3801
"Action, Biography, Drama",3802
"Action, Biography, Drama",3803
"Biography, Crime, Drama",3804
"Animation, Adventure, Drama",3805
"Mystery, Thriller",3806
"Comedy, Drama",3807
"Crime, Drama, Mystery",3808
"Action, Adventure, Sci-Fi",3809
"Action, Crime, Drama",3810
"Drama",3811
"Adventure, Drama, Fantasy",3812
"Drama, Music",3813
"Biography, Drama, Family",3814
"Animation, Comedy, Drama",3815
"Animation, Action, Adventure",3816
"Adventure, Biography, Drama",3817
"Crime, Drama, Thriller",3818
"Comedy, Drama, Romance",3819
"Drama, Sport",3820
"Biography, Drama, History",3821
"Action, Drama, War",3822
"Drama, Romance",3823
"Comedy, Drama, Musical",3824
"Crime, Drama, Mystery",3825
"Comedy, Drama, Romance",3826
"Action, Crime, Drama",3827
"Animation, Adventure, Comedy",3828
"Biography, Crime, Drama",3829
"Drama, Thriller",3830
"Animation, Adventure, Comedy",3831
"Animation, Action, Drama",3832
"Adventure, Drama, Musical",3833
"Drama, Mystery, Thriller",3834
"Drama, Music, Romance",3835
"Comedy, Drama",3836
"Comedy, Crime, Romance",3837
"Comedy, Crime, Sport",3838
"Drama, Romance",3839
"Drama",3840
"Crime, Drama, Thriller",3841
"Comedy, Drama, War",3842
"Crime, Drama",3843
"Drama, Romance",3844
"Drama, Romance",3845
"Drama, Mystery, Romance",3846
"Comedy, Crime, Drama",3847
"Action, Adventure, Sci-Fi",3848
"Biography, Crime, Drama",3849
"Drama, Music, Romance",3850
"Drama, History, Romance",3851
"Comedy, Drama",3852
"Adventure, Drama",3853
"Drama, War",3854
"Drama",3855
"Animation, Adventure, Fantasy",3856
"Horror, Mystery, Sci-Fi",3857
"Drama, Fantasy, Music",3858
"Adventure, Drama",3859
"Drama",3860
"Action, Sci-Fi, Thriller",3861
"Biography, Drama",3862
"Comedy",3863
"Drama, War",3864
"Drama, Sport",3865
"Drama",3866
"Adventure, Drama, History",3867
"Biography, Drama",3868
"Drama, Mystery, Thriller",3869
"Comedy, Crime, Drama",3870
"Drama",3871
"Drama, Mystery, Sci-Fi",3872
"Crime, Drama, Mystery",3873
"Crime, Drama",3874
"Drama, Thriller",3875
"Biography, Drama, History",3876
"Drama, War",3877
"Drama, Fantasy",3878
"Drama, Horror, Thriller",3879
"Action, Comedy, Crime",3880
"Drama, Western",3881
"Drama, War",3882
"Drama",3883
"Biography, Drama, History",3884
"Crime, Drama",3885
"Adventure, Drama, History",3886
"Adventure, Drama",3887
"Drama",3888
"Drama, History",3889
"Adventure, Drama, War",3890
"Crime, Drama, Thriller",3891
"Adventure, Drama, Thriller",3892
"Drama, Film-Noir",3893
"Action, Crime, Drama",3894
"Film-Noir, Mystery, Thriller",3895
"Drama, Music, Romance",3896
"Comedy, Drama, Romance",3897
"Drama, Mystery, Romance",3898
"Comedy, Drama",3899
"Drama, History, Romance",3900
"Drama, War",3901
"Comedy, Romance",3902
"Biography, Drama, History",3903
"Comedy, Romance",3904
"Drama, Romance",3905
"Action, Adventure, Comedy",3906
"Fantasy, Horror, Mystery",3907
"Comedy, Drama",3908
"Adventure, Biography, Drama",3909
"Drama, History",3910
"Action, Adventure, Comedy",3911
"Action, Crime, Thriller",3912
"Comedy, Drama, Music",3913
"Biography, Drama",3914
"Adventure, Drama, Sci-Fi",3915
"Animation, Adventure, Comedy",3916
"Action, Drama",3917
"Animation, Adventure, Drama",3918
"Drama, Family",3919
"Drama, Music, Romance",3920
"Crime, Drama, Thriller",3921
"Drama",3922
"Action, Crime, Thriller",3923
"Biography, Drama, Thriller",3924
"Action, Adventure, Comedy",3925
"Action, Drama, Mystery",3926
"Drama, Romance, Sci-Fi",3927
"Biography, Drama, Music",3928
"Action, Adventure, Drama",3929
"Drama, Romance",3930
"Action, Crime, Drama",3931
"Biography, Drama, History",3932
"Drama",3933
"Action, Adventure, Comedy",3934
"Drama, Mystery",3935
"Drama, Romance",3936
"Action, Biography, Drama",3937
"Drama",3938
"Action, Drama, Thriller",3939
"Drama, Romance",3940
"Drama, Thriller",3941
"Action, Crime, Drama",3942
"Action, Adventure, Sci-Fi",3943
"Animation, Biography, Drama",3944
"Biography, Drama",3945
"Biography, Drama",3946
"Adventure, Drama, Thriller",3947
"Action, Mystery, Thriller",3948
"Crime, Drama, Romance",3949
"Crime, Thriller",3950
"Biography, Drama",3951
"Adventure, Comedy, Sci-Fi",3952
"Animation, Adventure, Comedy",3953
"Action, Adventure, Thriller",3954
"Action, Crime, Thriller",3955
"Drama",3956
"Drama, Romance",3957
"Biography, Drama",3958
"Biography, Drama, History",3959
"Comedy, Drama, Musical",3960
"Action, Crime, Drama",3961
"Action, Adventure, Fantasy",3962
"Adventure, Drama, Fantasy",3963
"Animation, Action, Adventure",3964
"Comedy, Drama, Romance",3965
"Crime, Drama",3966
"Comedy, Drama",3967
"Drama, Mystery, Sci-Fi",3968
"Drama",3969
"Crime, Drama, Musical",3970
"Biography, Drama",3971
"Animation, Crime, Mystery",3972
"Drama",3973
"Drama",3974
"Animation, Action, Adventure",3975
"Action, Crime, Comedy",3976
"Drama",3977
"Comedy, Drama",3978
"Mystery, Sci-Fi, Thriller",3979
"Animation, Action, Crime",3980
"Animation, Family, Fantasy",3981
"Comedy, Fantasy, Romance",3982
"Crime, Drama",3983
"Drama",3984
"Animation, Adventure, Comedy",3985
"Drama, History, Thriller",3986
"Animation, Family, Fantasy",3987
"Adventure, Drama, Western",3988
"Comedy, Drama",3989
"Drama",3990
"Animation, Action, Sci-Fi",3991
"Adventure, Family, Fantasy",3992
"Drama, Fantasy, Romance",3993
"Drama, War",3994
"Animation, Adventure, Drama",3995
"Action, Sci-Fi",3996
"Biography, Drama, History",3997
"Drama, History, War",3998
"Comedy, Drama",3999
"Comedy, Romance",4000
"Adventure, Thriller",4001
"Biography, Crime, Drama",4002
"Comedy",4003
"Biography, Crime, Drama",4004
"Horror",4005
"Mystery, Thriller",4006
"Drama, Romance",4007
"Drama, Family, Musical",4008
"Drama",4009
"Biography, Crime, Drama",4010
"Drama, Horror",4011
"Adventure, Sci-Fi",4012
"Comedy, Drama, Romance",4013
"Drama",4014
"Biography, Drama, Family",4015
"Drama, Romance, War",4016
"Action, Drama, Western",4017
"Drama",4018
"Drama",4019
"Drama, Sport",4020
"Comedy, Drama",4021
"Action, Drama, Western",4022
"Crime, Drama, Mystery",4023
"Crime, Drama, Film-Noir",4024
"Drama",4025
"Drama, Film-Noir",4026
"Crime, Drama, Film-Noir",4027
"Crime, Drama, Film-Noir",4028
"Drama",4029
"Crime, Drama, Horror",4030
"Comedy, Drama, War",4031
"Comedy, Romance",4032
"Drama",4033
"Drama, Film-Noir, Mystery",4034
"Comedy, Crime",4035
"Crime, Drama, Mystery",4036
"Crime, Drama, Film-Noir",4037
"Drama, Romance",4038
"Drama, Film-Noir, Mystery",4039
"Drama, Romance, War",4040
"Comedy, Crime, Thriller",4041
"Film-Noir, Mystery",4042
"Drama, History",4043
"Adventure, Family, Fantasy",4044
"Comedy, Drama",4045
"Comedy, Crime, Mystery",4046
"Drama, War",4047
"Drama, History, Thriller",4048
"Comedy, Crime, Drama",4049
"Comedy, Drama, Romance",4050
"Crime, Drama",4051
"Comedy, Drama, Romance",4052
"Drama, Romance",4053
"Drama",4054
"Animation, Adventure, Comedy",4055
"Adventure, Comedy, Drama",4056
"Comedy, Drama",4057
"Comedy, Drama, Music",4058
"Action, Adventure, Comedy",4059
"Crime, Drama, Thriller",4060
"Comedy, Drama, War",4061
"Drama, Sci-Fi",4062
"Action, Adventure, Sci-Fi",4063
"Drama, Romance",4064
"Action, Adventure, Sci-Fi",4065
"Crime, Drama",4066
"Comedy, Drama, Romance",4067
"Action, Adventure, Sci-Fi",4068
"Drama, Romance",4069
"Biography, Crime, Drama",4070
"Crime, Drama",4071
"Drama, Mystery, Sci-Fi",4072
"Crime, Drama, Fantasy",4073
"Action, Sci-Fi, Thriller",4074
"Drama, Sport",4075
"Comedy, Drama, Romance",4076
"Drama",4077
"Drama",4078
"Action, Adventure, Sci-Fi",4079
"Comedy, Crime, Drama",4080
"Drama, Fantasy, Mystery",4081
"Action, Adventure, Drama",4082
"Adventure, Drama, Fantasy",4083
"Adventure, Drama, Fantasy",4084
"Animation, Adventure, Comedy",4085
"Comedy, Drama",4086
"Drama, Music",4087
"Action, Adventure, Sci-Fi",4088
"Comedy, Horror",4089
"Drama, Romance",4090
"Crime, Drama, Mystery",4091
"Adventure, Family, Fantasy",4092
"Action, Adventure, History",4093
"Drama, Mystery, Romance",4094
"Comedy, Drama, War",4095
"Animation, Action, Crime",4096
"Action, Mystery, Thriller",4097
"Crime, Drama, Thriller",4098
"Adventure, Drama, Sci-Fi",4099
"Adventure, Comedy, Drama",4100
"Drama, Mystery, Thriller",4101
"Animation, Adventure, Comedy",4102
"Drama",4103
"Animation, Drama, Family",4104
"Crime, Drama",4105
"Crime, Drama, Romance",4106
"Drama, Music, Mystery",4107
"Animation, Action, Adventure",4108
"Crime, Drama, Thriller",4109
"Drama, Fantasy, Romance",4110
"Biography, Drama",4111
"Comedy, Drama",4112
"Crime, Drama, Thriller",4113
"Comedy, Drama",4114
"Drama, Sci-Fi",4115
"Comedy, Music",4116
"Comedy, Family",4117
"Action, Adventure, Comedy",4118
"Comedy, Drama, Romance",4119
"Drama, Music, Musical",4120
"Action, Adventure, Horror",4121
"Biography, Drama, History",4122
"Adventure, Drama, Fantasy",4123
"Comedy, Drama, Family",4124
"Comedy",4125
"Action, Adventure, Biography",4126
"Comedy, Drama, Romance",4127
"Biography, Drama, War",4128
"Action, Adventure, Western",4129
"Horror, Thriller",4130
"Biography, Drama, History",4131
"Crime, Drama, Mystery",4132
"Comedy, Mystery, Romance",4133
"Drama, Thriller",4134
"Adventure, Biography, Drama",4135
"Drama, Mystery",4136
"Drama, Romance",4137
"Adventure, Drama",4138
"Adventure, Drama, Western",4139
"Drama",4140
"Drama, Thriller, Western",4141
"Crime, Film-Noir, Thriller",4142
"Comedy, Drama, Fantasy",4143
"Comedy, Drama, Family",4144
"Drama, Film-Noir, Romance",4145
"Crime, Film-Noir, Mystery",4146
"Drama, Film-Noir",4147
"Comedy, Romance",4148
"Comedy, Drama, Romance",4149
"Action, Adventure, Romance",4150
"Comedy, Music, Musical",4151
"Adventure, Horror, Sci-Fi",4152
"Drama, Horror",4153
"Fantasy, Horror",4154
"Action, Comedy, Crime",4155
"Action, Drama, Thriller",4156
"Drama, Music",4157
"Drama",4158
"Action, Drama, History",4159
"Comedy, Drama",4160
"Biography, Drama, History",4161
"Adventure, Comedy, Family",4162
"Action, Crime, Drama",4163
"Animation, Action, Adventure",4164
"Biography, Drama, Sport",4165
"Drama",4166
"Drama, History, War",4167
"Action, Adventure, Sci-Fi",4168
"Action, Adventure, Sci-Fi",4169
"Crime, Drama, Mystery",4170
"Drama, Romance",4171
"Animation, Biography, Crime",4172
"Biography, Comedy, Drama",4173
"Drama, Mystery",4174
"Drama",4175
"Drama, Romance",4176
"Comedy, Romance",4177
"Animation, Action, Adventure",4178
"Comedy, Drama, Fantasy",4179
"Comedy, Drama, Family",4180
"Animation, Biography, Drama",4181
"Animation, Adventure, Comedy",4182
"Crime, Drama, Mystery",4183
"Comedy, Drama, Romance",4184
"Animation, Action, Adventure",4185
"Biography, Comedy, Drama",4186
"Drama, Thriller",4187
"Action, Crime, Drama",4188
"Crime, Drama, Mystery",4189
"Adventure, Biography, Crime",4190
"Action, Crime, Drama",4191
"Biography, Drama, History",4192
"Crime, Drama, Mystery",4193
"Action, Crime, Thriller",4194
"Adventure, Fantasy",4195
"Drama, History, Mystery",4196
"Crime, Drama, Mystery",4197
"Drama, History, Thriller",4198
"Comedy, Drama",4199
"Biography, Drama, Sport",4200
"Action, Thriller",4201
"Drama, History, War",4202
"Drama, Music, Romance",4203
"Adventure, Fantasy",4204
"Drama",4205
"Drama, Mystery, Romance",4206
"Crime, Drama",4207
"Biography, Crime, Drama",4208
"Action, Adventure, Fantasy",4209
"Drama, Fantasy, Romance",4210
"Action, Adventure, Drama",4211
"Comedy, Drama",4212
"Action, Comedy, Mystery",4213
"Drama, Fantasy, Romance",4214
"Drama, Family, Musical",4215
"Comedy, Crime, Drama",4216
"Drama, Romance",4217
"Biography, Drama, Sport",4218
"Animation, Adventure, Comedy",4219
"Action, Adventure, Sci-Fi",4220
"Biography, Drama, Music",4221
"Drama",4222
"Drama, Romance",4223
"Adventure, Biography, Drama",4224
"Crime, Drama",4225
"Animation, Comedy, Drama",4226
"Action, Drama, Thriller",4227
"Action, Adventure, Drama",4228
"Animation, Drama, Fantasy",4229
"Biography, Drama, Sport",4230
"Action, Adventure, Fantasy",4231
"Drama",4232
"Adventure, Drama, Romance",4233
"Action, Crime, Thriller",4234
"Biography, Drama, Thriller",4235
"Biography, Drama, Family",4236
"Animation, Adventure, Comedy",4237
"Drama, Romance",4238
"Crime, Drama, Romance",4239
"Drama, Sci-Fi, Thriller",4240
"Action, Drama, Mystery",4241
"Drama",4242
"Biography, Comedy, Drama",4243
"Drama",4244
"Action, Biography, Drama",4245
"Comedy, Drama, Family",4246
"Drama, Romance",4247
"Comedy, Drama",4248
"Action, Crime, Drama",4249
"Crime, Drama, Romance",4250
"Animation, Action, Crime",4251
"Action, Crime, Thriller",4252
"Comedy, Drama",4253
"Drama, Fantasy, Music",4254
"Crime, Drama",4255
"Drama, Thriller",4256
"Biography, Drama",4257
"Animation, Adventure, Drama",4258
"Biography, Drama, History",4259
"Action, Crime, Drama",4260
"Adventure, Comedy, Sci-Fi",4261
"Crime, Drama, History",4262
"Action, Adventure, Sci-Fi",4263
"Action, Comedy, Fantasy",4264
"Comedy",4265
"Comedy, Crime, Drama",4266
"Adventure, Comedy, Family",4267
"Drama",4268
"Comedy, Drama",4269
"Biography, Drama, History",4270
"Action, Comedy, Fantasy",4271
"Adventure, Biography, Drama",4272
"Comedy, Crime, Drama",4273
"Family, Sci-Fi",4274
"Drama",4275
"Drama, Romance",4276
"Western",4277
"Adventure, History, War",4278
"Drama, Mystery, Thriller",4279
"Animation, Sci-Fi",4280
"Crime, Drama, Thriller",4281
"Action, Crime, Drama",4282
"Drama, Music, Musical",4283
"Family, Fantasy, Musical",4284
"Drama",4285
"Thriller",4286
"Comedy, Drama",4287
"Action, Biography, Crime",4288
"Drama, Family, Musical",4289
"Comedy, Family, Fantasy",4290
"Action, Drama, History",4291
"Drama, Romance",4292
"Horror",4293
"Crime, Drama",4294
"Action, Adventure, Drama",4295
"Action, Crime, Drama",4296
"Adventure, Comedy, Film-Noir",4297
"Film-Noir, Thriller",4298
"Adventure, Drama, Western",4299
"Mystery, Thriller",4300
"Comedy, Family, Romance",4301
"Drama, Horror, Sci-Fi",4302
"Comedy, Musical, War",4303
"Action, Crime, Drama",4304
"Drama, Horror, Sci-Fi",4305
"Drama",4306
"Drama, Romance",4307
"Action, Adventure, Comedy",4308
"Crime, Drama, Mystery",4309
"Horror, Mystery, Thriller",4310
"Action, Adventure, Thriller",4311
"Comedy, Drama, Romance",4312
"Comedy, Horror",4313
"Animation, Drama, Family",4314
"Biography, Drama, Romance",4315
"Action, Adventure, Comedy",4316
"Drama, Romance",4317
"Comedy, Drama",4318
"Comedy, Drama",4319
"Drama, Romance",4320
"Drama, Sport",4321
"Drama, Music, Romance",4322
"Action, Adventure, Sci-Fi",4323
"Drama, Music, Musical",4324
"Adventure, Comedy, Drama",4325
"Animation, Adventure, Comedy",4326
"Animation, Adventure, Drama",4327
"Drama",4328
"Comedy, Fantasy, Romance",4329
"Animation, Action, Adventure",4330
"Drama, Sci-Fi, Thriller",4331
"Action, Adventure, Sci-Fi",4332
"Drama, War",4333
"Biography, Drama",4334
"Action, Adventure, Sci-Fi",4335
"Comedy",4336
"Action, Adventure, Thriller",4337
"Comedy, Drama, Romance",4338
"Biography, Drama, Thriller",4339
"Comedy, Drama, Romance",4340
"Adventure, Family, Fantasy",4341
"Animation, Adventure, Comedy",4342
"Biography, Drama, History",4343
"Animation, Drama, Fantasy",4344
"Biography, Crime, Drama",4345
"Comedy, Drama, Romance",4346
"Animation, Adventure, Comedy",4347
"Crime, Drama, Fantasy",4348
"Crime, Drama",4349
"Drama, Sci-Fi, Thriller",4350
"Drama",4351
"Biography, Drama, History",4352
"Crime, Drama, Mystery",4353
"Action, Crime, Drama",4354
"Drama, History, Music",4355
"Biography, Drama, Music",4356
"Animation, Adventure, Comedy",4357
"Drama, Thriller, War",4358
"Drama, Romance",4359
"Action, Crime, Drama",4360
"Crime, Drama, Thriller",4361
"Action, Comedy, Fantasy",4362
"Action, Mystery, Thriller",4363
"Drama, Thriller",4364
"Biography, Drama, Music",4365
"Comedy, Drama",4366
"Adventure, Family, Fantasy",4367
"Action, Crime, Drama",4368
"Animation, Drama, Family",4369
"Action, Drama",4370
"Drama",4371
"Comedy, Drama, Romance",4372
"Drama",4373
"Drama",4374
"Comedy, Drama",4375
"Drama, History, War",4376
"Crime, Drama, Thriller",4377
"Drama, Thriller",4378
"Drama, Music",4379
"Comedy, Drama, Music",4380
"Crime, Thriller",4381
"Animation, Action, Fantasy",4382
"Adventure, Comedy, Crime",4383
"Adventure, Comedy, Drama",4384
"Animation, Comedy, Fantasy",4385
"Comedy",4386
"Comedy, Drama",4387
"Crime, Drama, Thriller",4388
"Comedy, Drama, Romance",4389
"Drama, Mystery, Sci-Fi",4390
"Comedy, Drama, Fantasy",4391
"Comedy, Drama, Romance",4392
"Action, Adventure, Sci-Fi",4393
"Comedy",4394
"Biography, Crime, Drama",4395
"Biography, Drama, Music",4396
"Crime, Drama, Mystery",4397
"Drama",4398
"Drama, Family, Fantasy",4399
"Comedy, Crime, Drama",4400
"Biography, Comedy, Drama",4401
"Comedy",4402
"Comedy, Drama",4403
"Drama",4404
"Comedy, Drama, Family",4405
"Biography, Drama, History",4406
"Action, Adventure, Drama",4407
"Animation, Adventure, Comedy",4408
"Crime, Drama, Mystery",4409
"Drama, Thriller",4410
"Drama",4411
"Comedy, Drama, Thriller",4412
"Crime, Drama, Thriller",4413
"Animation, Adventure, Comedy",4414
"Mystery, Thriller",4415
"Comedy, Drama",4416
"Biography, Drama, History",4417
"Action, Drama, History",4418
"Crime, Drama, Mystery",4419
"Drama, Mystery, Thriller",4420
"Comedy, Fantasy, Romance",4421
"Comedy, Crime, Drama",4422
"Comedy",4423
"Drama",4424
"Action, Adventure, Sci-Fi",4425
"Action, Adventure",4426
"Drama",4427
"Comedy",4428
"Animation, Adventure, Family",4429
"Horror, Thriller",4430
"Drama, Thriller",4431
"Comedy, War",4432
"Action, Crime, Thriller",4433
"Comedy, Western",4434
"Biography, Crime, Drama",4435
"Action, Crime, Drama",4436
"Adventure, Drama, Thriller",4437
"Action, Crime, Drama",4438
"Action, Crime, Thriller",4439
"Action, Adventure, War",4440
"Comedy",4441
"Action, Adventure, War",4442
"Drama, Romance",4443
"Biography, Drama, History",4444
"Drama, Horror, Thriller",4445
"Drama, History, War",4446
"Action, Adventure, Thriller",4447
"Drama, Horror, Mystery",4448
"Drama, Thriller",4449
"Drama, Horror, Thriller",4450
"Action, Adventure, Western",4451
"Drama, Horror",4452
"Drama, Horror, Sci-Fi",4453
"Drama",4454
"Comedy, Crime",4455
"Comedy, Drama, Romance",4456
"Comedy, Drama, Romance",4457
"Drama, Sci-Fi",4458
"Adventure, Drama, Romance",4459
"Drama, Film-Noir, Romance",4460
"Animation, Family, Fantasy",4461
"Horror, Sci-Fi",4462
"Biography, Drama, History",4463
"Drama, Mystery, Thriller",4464
"Comedy, Drama",4465
"Drama",4466
"Drama",4467
"Biography, Crime, Drama",4468
"Drama",4469
"Adventure, Comedy, Drama",4470
"Crime, Drama, Romance",4471
"Drama",4472
"Action, Adventure, Comedy",4473
"Action, Crime, Drama",4474
"Action, Biography, Drama",4475
"Drama, History, Thriller",4476
"Animation, Action, Adventure",4477
"Animation, Adventure, Comedy",4478
"Action, Crime, Drama",4479
"Drama, Sport",4480
"Crime, Drama",4481
"Action, Crime, Drama",4482
"Biography, Comedy, Drama",4483
"Action, Adventure, Drama",4484
"Mystery, Thriller",4485
"Action, Thriller",4486
"Action, Crime, Drama",4487
"Animation, Adventure, Family",4488
"Drama, Music, Romance",4489
"Drama, Western",4490
"Drama, Romance",4491
"Animation, Comedy, Crime",4492
"Comedy, Drama, Romance",4493
"Action, Comedy, Crime",4494
"Action, Adventure, Crime",4495
"Biography, Drama, Sport",4496
"Drama, Horror, Thriller",4497
"Adventure, Comedy, Fantasy",4498
"Drama, Thriller",4499
"Action, Adventure, Mystery",4500
"Biography, Drama, Sport",4501
"Drama",4502
"Drama",4503
"Action, Crime, Drama",4504
"Adventure, Family, Fantasy",4505
"Animation, Adventure, Family",4506
"Crime, Drama, Mystery",4507
"Crime, Drama, Mystery",4508
"Biography, Drama, Music",4509
"Action, Biography, Drama",4510
"Drama, Fantasy, Mystery",4511
"Crime, Drama, Thriller",4512
"Action, Adventure, Family",4513
"Action, Drama",4514
"Drama, Romance, Thriller",4515
"Action, Drama, Mystery",4516
"Action, Crime, Drama",4517
"Horror, Mystery, Thriller",4518
"Drama",4519
"Drama",4520
"Comedy, Drama, Romance",4521
"Drama, Mystery, Romance",4522
"Comedy, Drama",4523
"Crime, Drama, Thriller",4524
"Crime, Drama, Thriller",4525
"Biography, Drama, Family",4526
"Drama",4527
"Drama, Sci-Fi, Thriller",4528
"Drama, Horror, Sci-Fi",4529
"Action, Adventure, Drama",4530
"Comedy, Drama",4531
"Drama",4532
"Adventure, Family, Fantasy",4533
"Horror, Mystery, Thriller",4534
"Biography, Crime, Drama",4535
"Drama, History, War",4536
"Action, Crime, Mystery",4537
"Biography, Drama, Sport",4538
"Comedy, Crime, Drama",4539
"Crime, Drama, Thriller",4540
"Drama, War",4541
"Animation, Adventure, Family",4542
"Adventure, Comedy, Drama",4543
"Crime, Drama, Thriller",4544
"Mystery, Sci-Fi, Thriller",4545
"Crime, Drama, Thriller",4546
"Mystery, Thriller",4547
"Drama, Romance",4548
"Action, Adventure, Thriller",4549
"Adventure, Drama, Fantasy",4550
"Drama, Romance",4551
"Adventure, Drama, History",4552
"Comedy, Drama, Romance",4553
"Action, Crime, Drama",4554
"Comedy",4555
"Comedy, Crime",4556
"Animation, Drama, Romance",4557
"Comedy, Crime",4558
"Comedy, Family",4559
"Crime, Drama",4560
"Comedy, Drama, Romance",4561
"Animation, Family, Fantasy",4562
"Comedy, Crime",4563
"Comedy, Drama",4564
"Action, Crime, Thriller",4565
"Crime, Drama, Thriller",4566
"Drama",4567
"Action, Adventure, Sci-Fi",4568
"Action, Crime, Thriller",4569
"Adventure, Comedy, Family",4570
"Action, Biography, Crime",4571
"Animation, Adventure, Drama",4572
"Biography, Crime, Drama",4573
"Drama, Sci-Fi",4574
"Comedy, Crime, Drama",4575
"Drama, War, Western",4576
"Adventure, Comedy, War",4577
"Animation, Adventure, Family",4578
"Drama, Mystery, Thriller",4579
"Comedy, Music, Musical",4580
"Comedy, Drama, Romance",4581
"Drama, Western",4582
"Drama, Romance, War",4583
"Drama, War",4584
"Crime, Mystery, Thriller",4585
